python, cython
0.00013,0.00002
0.00011,0.00002
0.00011,0.00003
0.00010,0.00004
0.00019,0.00003
0.00016,0.00004
0.00015,0.00003
0.00012,0.00002
0.00013,0.00003
0.00011,0.00003
0.00023,0.00006
0.00026,0.00006
0.00026,0.00006
0.00026,0.00006
0.00026,0.00006
0.00026,0.00006
0.00026,0.00009
0.00015,0.00002
0.00008,0.00002
0.00007,0.00002
0.00007,0.00002
0.00007,0.00002
0.00026,0.00006
0.00015,0.00006
0.00026,0.00006
0.00026,0.00006
0.00026,0.00006
0.00026,0.00003
0.00028,0.00006
0.00019,0.00003
