python, cython
0.00043,0.00006
0.00014,0.00003
0.00014,0.00003
0.00014,0.00003
0.00014,0.00003
0.00014,0.00003
0.00014,0.00003
0.00014,0.00003
0.00014,0.00003
0.00052,0.00011
0.00053,0.00011
0.00052,0.00011
0.00013,0.00003
0.00023,0.00003
0.00014,0.00003
0.00014,0.00003
0.00014,0.00003
0.00014,0.00003
0.00053,0.00011
0.00052,0.00011
0.00014,0.00003
0.00052,0.00011
0.00014,0.00003
0.00052,0.00011
0.00014,0.00004
0.00045,0.00005
0.00020,0.00004
0.00016,0.00003
0.00014,0.00003
0.00014,0.00003
