Python,Cython
0.00027,0.00006
0.00025,0.00006
0.00025,0.00006
0.00025,0.00006
0.00025,0.00006
0.00025,0.00006
0.00026,0.00006
0.00025,0.00006
0.00025,0.00006
0.00025,0.00006
0.00102,0.00022
0.00027,0.00006
0.00026,0.00006
0.00026,0.00006
0.00070,0.00012
0.00053,0.00010
0.00045,0.00009
0.00053,0.00012
0.00043,0.00006
0.00028,0.00006
0.00026,0.00006
0.00053,0.00006
0.00026,0.00006
0.00026,0.00006
0.00026,0.00006
0.00026,0.00006
0.00026,0.00006
0.00026,0.00006
0.00026,0.00006
0.00093,0.00022
