Python,Cython
6.71122,0.01644
6.70709,0.01587
6.73852,0.01579
6.71234,0.01568
6.72613,0.01599
6.70861,0.01571
6.71509,0.01584
6.72072,0.01574
6.71153,0.01577
6.71703,0.01638
6.69777,0.01577
6.70159,0.01573
6.72252,0.01668
6.82879,0.01577
6.72295,0.01572
6.70503,0.01563
6.70006,0.01642
6.70460,0.01568
6.75890,0.01726
6.79277,0.01565
6.67206,0.01571
6.63411,0.01569
6.63739,0.01570
6.65206,0.01610
6.65244,0.01557
6.65965,0.01563
7.07861,0.01733
7.18641,0.01734
7.12049,0.01737
7.05838,0.01572
