Python,Cython
0.00119,0.00014
0.00069,0.00014
0.00182,0.00059
0.00077,0.00014
0.00183,0.00056
0.00070,0.00032
0.00196,0.00058
0.00081,0.00014
0.00106,0.00014
0.00057,0.00014
0.00057,0.00014
0.00057,0.00014
0.00057,0.00014
0.00105,0.00014
0.00057,0.00014
0.00057,0.00014
0.00057,0.00014
0.00057,0.00014
0.00093,0.00014
0.00057,0.00014
0.00057,0.00014
0.00071,0.00014
0.00108,0.00014
0.00192,0.00058
0.00063,0.00014
0.00069,0.00014
0.00063,0.00014
0.00107,0.00014
0.00160,0.00014
0.00168,0.00014
