Python,Cython
0.03072,0.00695
0.02859,0.00670
0.03249,0.00663
0.02739,0.00686
0.02733,0.00677
0.02754,0.00674
0.02853,0.00655
0.02738,0.00655
0.02742,0.00666
0.02824,0.00710
0.02719,0.00678
0.02825,0.00681
0.02763,0.00694
0.03082,0.00669
0.02746,0.00708
0.03015,0.00716
0.02783,0.00665
0.02787,0.00684
0.02718,0.00666
0.02823,0.00723
0.02713,0.00669
0.02739,0.00688
0.03065,0.00932
0.03413,0.00650
0.03834,0.00662
0.02742,0.00672
0.02905,0.00662
0.02800,0.00881
0.03194,0.00768
0.03075,0.00693
