Python,Cython
0.05643,0.01499
0.06292,0.01452
0.06679,0.01326
0.05643,0.01382
0.05532,0.01402
0.06090,0.01442
0.05665,0.01431
0.06093,0.01909
0.07691,0.01612
0.07545,0.01501
0.05828,0.01336
0.05618,0.02193
0.07273,0.01479
0.06141,0.01349
0.06826,0.01351
0.06622,0.01335
0.07182,0.01587
0.05819,0.01378
0.05636,0.01378
0.06471,0.01624
0.05732,0.01433
0.06025,0.01456
0.06336,0.01351
0.05758,0.01371
0.05739,0.01409
0.05653,0.01370
0.05629,0.01396
0.05688,0.01355
0.06187,0.01345
0.06116,0.01364
