Python,Cython
6.73794,0.20819
6.65520,0.20813
6.64295,0.20835
6.65656,0.20816
6.64634,0.20814
6.63725,0.20817
6.64929,0.20853
6.65589,0.20814
6.63961,0.20814
6.64040,0.20812
6.64326,0.20807
6.63389,0.20926
6.64308,0.20809
6.66716,0.22100
6.82267,0.21794
6.91385,0.22352
6.83434,0.20821
6.73494,0.20807
6.72593,0.21003
6.76449,0.20841
6.72902,0.20815
6.71581,0.20812
6.72733,0.20816
6.73122,0.20831
6.71719,0.20871
6.72063,0.20821
6.71990,0.20809
6.72989,0.20817
6.71571,0.20809
6.72943,0.20829
